<?xml version="1.0" encoding="utf-8"?>
<zone>
  <short>Public</short>
  <description>For use in public areas. You do not trust the other computers on networks to not harm your computer. Only selected incoming connections are accepted.</description>
  <service name="ssh"/>
  <service name="cockpit"/>
  <service name="https"/>
  <port port="8089" protocol="tcp"/>
  <rule family="ipv4">
    <source ipset="whiteips"/>
    <service name="https"/>
    <accept/>
  </rule>
  <rule family="ipv4">
    <source ipset="whitenets"/>
    <service name="https"/>
    <accept/>
  </rule>
  <rule family="ipv4">
    <source ipset="dynamiclist"/>
    <service name="https"/>
    <accept/>
  </rule>
  <interface name="eno1"/>
  <interface name="eth0"/>
</zone>
